-5.014680014100507	-1.4913643525563074	-10.265499307254254	3.9784063683244724	-3.589136125502226	-11.568332078261234	-7.696588557530479	-5.092132432348953	-19.66026370928992	4.638118823148232	11.59026153989028	23.9547402094856	-1.894311441187645	16.341198925670277	6.530520752337645	-12.475944249005963	3.507611142753457	1.7473693476412224	-22.516998290006764	-3.782706308779581
2.4114974232604074	-0.5632375272399556	7.481355078292994	-9.137632180027097	12.116965390934755	-12.555638057741357	1.9850057784996546	16.755438516584324	-2.1470541999226556	-15.8954489300237	-2.5512253983774413	4.74417960101499	2.768043681768828	21.487336066019225	0.8264286647164606	-10.351286087234408	32.86367307607205	-9.44807454643872	-3.4460944769478314	-7.453457499516571
-9.43540782953306	15.49942193060616	-10.222678177482164	-8.073336116414895	11.134988058926133	8.607543922345833	-3.5540789222279243	-5.421571207336216	9.263420478927157	-0.9363254695429443	4.905504815310769	-8.599034502826036	0.31630573923236005	8.306260266312467	-31.04597778630081	-16.2867745623056	6.405356774185341	12.762560753692394	19.59108919016363	8.00361348220884
-4.991147819736392	10.165438463105126	-6.408113780434596	3.736687506844673	19.93803869972452	-6.047588151779684	-10.721157109338597	1.7234519440640086	-26.867771414912355	-15.321856439370125	-2.1796567492653387	-2.627714241224927	18.196542717919137	-5.497978466374164	15.787659424229647	14.114302754036546	-15.881425423229942	-17.52328514638719	23.683488927419088	-11.332721936566081
2.5910238972092725	-2.9452462940114437	-1.8950001319167429	-1.442129787606	-2.786701529109764	-1.8283772552437827	13.045108005603073	0.18375620645712462	-25.82521654038256	1.4472026281410881	-14.162258583434967	-1.2009526063962461	27.831630244585543	-4.454226569145708	-6.30755487841793	15.934041279982758	-9.432376659582184	-25.000774889181024	1.232611397633877	-3.1947180274236167
1.0481219774829373	-11.403043030625884	-4.910920150823343	4.986174678150521	6.88170256680627	-10.405699934226556	-14.171434363043915	-1.5744433016222592	0.9295790889673492	-24.332947323238344	1.599033014164852	14.684944304311918	-5.86047776741219	12.778558589751444	-1.550872093708703	-0.35003212867479033	10.083233945429052	-11.299889524915118	3.3797859873946297	-28.359351582389635
-6.793389452784598	3.0681546757453444	2.465135250371947	6.126241178403409	-7.344934629920402	-26.832797601254967	-14.777074164410877	6.792437055372652	-14.72297459450508	-16.35972086398369	18.17622159592588	-3.0057485690120886	12.083333690647013	20.436793362230738	9.144100717937526	-9.28575944763547	5.53070566525461	7.0589964898714905	8.973861218435436	-4.283052467940829
6.241397414059279	-8.63912170938108	-7.369040400602319	3.1831076966998646	-6.189653706315486	6.908981953396357	8.467067365065924	-2.177906646675748	-10.785450564690073	8.941194094802869	16.42313644392339	9.789327341822482	18.813497327557403	-8.968776507472503	7.992506024050825	-22.33511982302989	-18.156777692641064	-4.972233420228281	4.050572040049809	10.41793137330378
-2.059131542288656	-17.430196689146378	1.7247966651456665	13.398692145421835	-5.0648300679156675	1.762799536240939	3.3665267377505375	5.685805542217008	16.842325776704236	-1.504618658662818	-1.2177491569429226	-27.297035793609197	-12.051918747106003	2.649004567311023	24.180191610984718	23.798650187363936	-12.953890288257012	15.728909143023122	6.596640389721059	27.37243096497375
4.48508346079087	14.208435100797093	12.873441795082714	5.388023208013394	4.7410971066649115	-14.431490510594054	-11.276702706604791	9.649347982929383	-32.96038553831061	7.872681476192038	-26.24176906028249	-4.415280049400082	-9.095779502415503	10.77284387752688	9.710949332781343	10.549048465524617	10.179399952405392	14.292249178703628	-11.029025626836177	-2.5144208420533616
-3.6469417469920677	3.500661395391632	-14.188727072976695	-5.10128181929487	21.329648287678772	-16.624178706331367	-3.074990876979867	-7.679730980361539	-4.144499863383027	13.413370752789767	-20.79917872710116	0.7591258621937457	-8.833679005211373	-0.455182170197067	-5.629794492857201	18.44576032612836	3.3744712068818465	20.49421423702228	-0.6216201944038072	0.3982492397824881
5.909834821656673	2.8589310037741122	11.317606981998605	0.5789059728313815	-6.849863993811869	-8.916155794188693	-3.6514329187906793	10.051216791344189	-3.422495463918138	2.1957826835358656	-2.8233631945684943	-1.974374629224572	0.23321895023041034	1.7557989110156453	-20.473391936773705	-1.1024395516997718	-15.866285814538449	9.560114140574859	29.23460539277289	-2.8592896127807443
1.225478210256979	-18.249169809057104	-15.445149770176082	11.740016103372515	6.9503916313366885	-17.312752431855383	23.30693223281192	22.22861504561051	41.502819402484185	0.607535526872654	7.622962797156242	-0.21275545641275323	5.242161252542983	7.757714038961619	-11.254805505561006	0.8669963315022102	5.127840263595519	2.717010742058212	-13.77501683373	-0.6805937502586874
-23.29080482810451	-2.373934607873363	-20.750999220992156	-33.978098765570984	5.818785945841689	10.476316333124164	4.928379570482349	23.930990216997017	14.965940728689365	-5.043611217124608	12.493190056312104	21.554107554206478	-23.034176276670504	-2.1631853210623313	3.5250162813982384	-0.06314343843510413	-9.969814015097969	-3.5988738612675966	2.189831831247248	-5.821550312805803
-12.7226153091434	-24.08728354621462	-37.09939778410259	19.542814302832067	14.864778436553923	11.155112558985248	6.780185255563537	-21.99542545477234	1.2576453958375104	2.976070692696232	10.445622921198947	1.1657300790210496	13.103386599014124	-0.8222072847685152	10.036067427905458	-0.6797812448768014	5.966421819736522	-8.619518771337736	-6.182583158407627	-13.603431877967703
4.648483646061797	-4.201011761944677	-0.6151623088926187	8.203412908167936	21.997721316659288	-2.820535727411003	-3.0600084648979795	-6.03835488079029	3.038818173364235	-16.43227841409678	-22.527877902624986	-6.453616134901876	8.28280249647997	23.149059116195865	2.2087809256361424	-0.7509897521885753	-23.876180762648186	4.412527295329052	-7.596144071404972	2.73371454169099
3.060844234734587	7.265789786753122	17.919009583756747	-22.309944382502103	-1.4606253625276648	-4.777453901169607	-8.819587628647428	-18.162117201458194	-12.290014248717284	-13.541997351721017	-0.6290925835712411	-21.511229892526767	-9.87810000681301	-3.395078828381956	-15.489623405546425	4.067269528862117	6.16726264644793	24.10163945371963	-2.416313306125799	-4.992828506069773
13.2299875486748	-3.627023736822748	-6.403192090185945	3.6636258310435417	-19.514586946311724	-0.6471756446184029	20.313144382709698	-0.9732096361410001	2.187583846713863	9.818134353129638	-14.999944376314993	19.456534868013836	3.77402627407531	15.600729243578131	-9.565315886675071	-7.503306663442605	-11.179726311590139	-24.680427202030057	-9.379761535403098	-22.329832803418977
1.5715419836652913	-3.4479543314082157	-0.5133979248290949	-5.453389464449018	0.026950786706056315	-12.955187494188907	3.013245342020592	-27.939133255254347	1.296306884779047	0.2786601636655141	19.87923261030419	-5.362787815086265	9.294727944493179	-0.0491941400836048	9.935400509772062	2.499223706243227	-0.8251680771621662	22.712575275322873	9.398954415112009	-1.3020589266638647
4.530340200830838	1.551210338950337	5.63509423764565	6.6235732112095596	30.047060354108645	-1.8984752061185144	11.227956682161862	-1.4686927733405262	9.639851538181972	5.316609012575195	9.460947524916898	2.652053751551457	-19.043347282925005	3.8037918507694086	-21.938298823301654	-6.324718982372864	3.8973540558342608	10.448085273267223	-5.228846175334691	-26.35418144897366
-2.76378277962544	4.359979230784477	-13.152615918179173	0.4934074670034077	-2.557082910421703	5.819479242847831	-9.947173083405655	-7.146297922630986	10.222359367610446	-10.001760331481675	4.788645404376085	-5.888428590906504	0.4994614580835594	-9.38275259247585	11.248931632710606	-12.701287190091096	21.152528451830474	5.589032072315814	12.991877635929951	-27.062198984952023
5.360358489406125	-8.541067604658977	1.4496522069745468	-7.367397614586238	12.813635558673449	-18.83387306110223	-1.352384481704288	-4.433633123207049	2.978109366862452	-14.622927427968792	-5.560354809694165	-10.466724136501929	-13.933817922243056	12.21262111869272	-6.615044903115631	-9.537565098821357	5.989698998914923	-15.571532699987314	-9.789679877139434	23.914639896431602
2.5065423658785866	-0.8961757792095095	-1.897724574421818	-5.796719072378204	5.354398058099783	-10.561025968764168	-13.38941947601564	2.7761746497538256	6.483078702506763	-12.651307907549159	-0.14111560387651972	33.97610549570657	-19.87223933238605	20.058450679602455	12.677765248402384	1.6089023171662702	-2.832839469615917	-7.024630654302841	-6.640920412333424	7.866334871278538
6.296121891643316	-10.168228087226556	-0.8714965368749501	5.888140982908872	-9.94196835459972	7.679747588112371	-17.979474191966634	-1.1183362070875515	-5.746016484767092	-6.33391865491595	-10.416884457758725	-0.6582732505879839	-17.62514901658716	-14.368716030546015	-3.0330619725525945	-22.76516416468857	1.8665339266216494	-28.348085613514574	8.550466981230466	33.63502723497567
9.457345738983967	-16.739185395873438	-9.471553987551461	-0.548956494901251	0.4773591556999986	15.33994022346859	22.649312023942073	-8.867109269223088	-11.551336800999128	4.6470468904530025	6.25473588752213	-24.997809980734154	-13.151136673264745	-13.726227992328154	20.25580807638725	0.07921013624925716	-2.553254014369965	8.607313434489738	-10.365147310263044	-28.10229452901713
-1.4969040764159827	-2.429232398110525	-4.244317393442776	-7.53108070889743	1.372628433498802	-5.947099387591315	5.110874988423802	-11.17413671215211	22.927813118677744	5.461615398186464	-5.241345785846857	-5.656762902085321	-21.025963147461976	-15.927763825775001	23.456010831164818	-12.597600651540692	-8.90979242481308	7.203892112653699	-5.625614060830777	-10.95621638033297
-1.0663917099938502	-19.88326091823219	-13.676704646172245	5.489140392344747	-9.86457158164093	7.034467857076774	-12.361562854433519	-13.180029202671571	-0.28324783077412163	-13.97986270023472	10.35234055938608	18.823655545324765	4.349320242719587	-4.739130221437105	-8.593706440796822	-3.728721502168025	-10.617202393964105	9.004803527070077	-24.872544223490912	3.2014014123698535
-14.45112254025695	-18.582522338206342	2.572046967647961	21.457608719541867	25.744459578279926	27.652443923030294	-31.966947858160623	25.93752613787095	-9.397734155369294	-9.936919621328624	-6.5699069986994285	-15.336960249976379	-12.98296441512179	-6.281675776173933	-3.2012164193427135	11.23534991071784	-0.15667450637453867	10.627978216025877	-4.022201663433366	0.0054299188554817
-19.976086202458507	-19.67546807886416	22.380306459687375	15.895886760602965	13.962875584834231	9.873261835685382	16.95162561775808	-7.663446442855099	10.978986061049493	1.210673482259536	-7.958829297883755	12.330983318820868	-0.01323134932311979	10.710135961899528	-6.128844447754039	-9.796858583755913	-15.045370058248656	-13.238696983130941	8.573809125551254	-11.361494675299085
12.324553574031013	-4.010900667667161	-0.721611831811029	-29.10105079381391	12.730954416129991	-0.6984384643190981	-7.068318379719553	6.605479256384073	-1.54404294700029	-12.61857684140772	-16.28751998931376	-16.413826308758743	-3.324197132615758	-18.400072984507563	-14.258647960395136	-10.6831772069529	-8.336031829368855	3.3772169252776365	-3.3629483571138943	3.368603895425701
1.9056174896946694	-18.76548245069959	-9.875974840976559	0.6223034263143402	0.6661101878936494	-8.606580867518346	14.725397620587541	11.738076837066762	5.246003678927777	2.029001814421261	9.511517614714181	0.969611742914745	14.107472839616012	-16.96588984893817	-21.921788712026864	2.1339437616577053	-15.351379573495917	-1.9583577224712774	-23.561602566836417	-10.29596932458432
21.388745233988587	13.758626455049933	30.601638270890934	-7.952405293128544	-10.662094530931842	17.292304841249717	24.406614544816076	-17.069823988709214	5.6203340560939266	-17.290930804120546	-14.88110943555648	5.098005935608869	4.190068193578334	4.1175157725908065	-6.131554582795074	2.387307083081883	-10.503896019877988	-10.839199936798977	19.091773022788175	-22.14356444523721
0.9607210677010232	-3.788107359494958	10.981698217284958	-1.815475408541145	0.3964472559046344	-6.610151852802791	8.589367930970383	11.422847909680566	-6.33450543082984	-5.640864395214105	2.6031073321639724	17.730757714139425	2.3298019421947136	-13.101635420659575	12.30528320646688	-4.397866862207964	-17.705550116090457	9.77415584718013	12.217278985873897	17.17426165310885
3.0802768651090835	-5.094116818407622	11.038038385415996	-4.777490128908378	-2.4129761526903026	-7.347685997227683	16.17306695770092	-26.597886434518518	3.7771339663537695	-3.324953680620564	-11.119643787877754	-16.569467686389043	-3.3841962850520666	6.652929394898563	-0.6865933420170983	6.3125154356712905	-12.48727523953488	7.3135974918971725	-32.229195626962564	-4.627653287450763
8.542957600873759	30.884390533382476	-29.058607937952896	17.180405153746147	18.192629353599127	17.48315516735747	4.999398468758543	17.170036458129264	-1.1115873661087143	11.632574038531382	18.430597913262638	12.058831342581113	8.789785199795023	-4.820446798955506	-3.76962942887284	-12.685432538218503	-10.078166546271078	-7.974236084014743	-22.010571324529202	-4.5818571764918286
-8.133963594526294	1.8724916254486974	-9.494644912895703	1.966867218251857	-5.008263645308567	-10.16865474758505	7.344711364633097	4.386634092587007	-18.86033117830236	13.601056348545235	15.448683652184895	-5.142417796996278	-26.493944052482476	10.985375780551612	-1.4341167417519114	-22.0990721716271	-0.6212534796230885	-3.4833365015196067	-5.653945449230248	15.54767625701625
-5.751253370470687	-28.970822248648453	-10.685362948282139	14.628492607037389	-13.961462023167837	13.227085332930232	-7.142145281724938	-15.941838980859734	-13.109442982096313	-5.671352566414225	34.06295438736745	3.3881936062225875	3.310040108392112	19.586514161321563	-9.49269772130739	-14.57656136307648	-1.1891136376650273	10.63183599116098	-9.070860746040179	-19.298945287436105
0.3423485561505783	-0.5308060127950998	-4.036331260460335	4.2122983303525015	9.450208322490482	4.703316408970206	2.7275677731475274	-8.205767283318325	-13.719976394496227	11.705984946787376	-23.645166011495284	1.462023713287351	-13.866963217114074	-12.382028881363201	-22.37894755929302	-2.1250688856030844	8.863051694598717	-0.7509483855568932	-5.199743876948989	6.69454383177916
-8.635849703642366	-1.0968852905808397	1.2234118411894495	6.682924467746522	-45.263863543042554	3.624439518394707	14.63239718403619	4.122242424053441	6.451044893238966	-1.5108620816667049	5.245389525186394	-29.67912301292068	-7.632866191785092	7.3562195292984995	-0.4615724142394266	-7.102454584330019	12.870843741782425	-24.173361214051628	8.259362860550649	13.49348621339031
-7.20619468685941	-27.116973068135525	-0.27075130322940827	-21.39397686461031	-29.446820994852363	-16.891955983816683	17.871556987444112	12.142950086778947	-9.985801433928556	-4.79741113037445	13.31151634392252	16.94753498294961	18.916873313008136	-8.707800598494154	-10.021462814237033	16.546107352322363	12.218703409338142	-1.8484427708962523	9.232550683032159	6.758114240608025
101.78355281146055	22.019264578941993	13.140912538822665	33.90718050290097	-5.85687416478977	8.733958059904635	4.434439577103199	4.813202322973367	-3.7875267181291132	-0.2978400143559725	7.659232668766338	4.100216840852258	0.8829346249388804	-7.327026523909044	-0.22573982445430663	-3.8583323294314047	4.197762256091016	3.0413509582175062	4.7767189245288595	1.8215263702394298
99.72305499495229	23.036144019852163	13.1374173797756	36.87177035363359	-7.926838520371875	8.866131256986339	1.2773933059229576	5.3045942253390965	-4.268402960217795	-0.5797431437416	8.716598706051576	5.065822958007271	2.331637685321916	-9.854891181416496	0.37226485912413515	-0.8063466476942701	4.338173488430111	4.556624703776759	5.520644065734359	2.0422781480947028
3.6807462755789855	-6.404645423760408	-3.462641510654928	-1.7637595177954288	21.346913836984506	-18.857219176173917	-0.7971601083424671	4.073512564483202	0.02528693043975529	20.870643616540818	-8.861079604879492	11.494830953651835	3.5464285417645214	-17.769206257071254	-7.080954510916471	10.641613552090792	31.004597790365846	-2.2267662284772243	11.361807151707746	-17.790298537353433
0.17915729246368445	-15.973042486757826	-0.4597095295558992	-29.795876353626877	11.19790539240924	-18.47508704401239	1.9224243521929183	2.996185165460974	-15.128241911827867	0.04076710898060908	-1.8501713313004933	6.641807001256544	11.427122807222549	-12.342981072057338	-4.306247601236036	-1.4009085287404635	0.24352201712379234	-0.03968756170983575	8.040202538706918	3.8698238719714353
7.3196536492603865	2.149246328918511	64.02547402144062	-20.7878467301353	9.519226726291997	3.825519029278851	-28.959371471121113	-18.27766767860658	11.745875231197058	44.93511629556086	31.55817344415209	-1.3978249166072496	11.554265565325348	2.608098504668542	2.4863248234237725	-4.414151718493464	-5.3890921368897775	-17.429510317473547	-1.2684453174500205	1.2573357462995076
-3.913682521387995	15.102939739166684	1.7423145973381702	4.7285385740614725	25.15248444477572	9.515846281310752	33.27017838949686	8.9261578878178	17.68359852831925	-9.313742284085224	15.727449079184291	5.845432136762026	5.952509537039151	12.615427434105264	3.9757261471859944	17.92168638868694	18.53509002106955	8.980336571951746	4.460357673711721	15.817785319289571
-7.894219447059056	10.146318902161358	-9.414195661555711	-9.265592411594708	-13.395929552555303	-20.910778357003657	-6.6452831478320125	21.939909439537452	-7.547477550703491	-2.094638010752536	4.276151726750942	-8.579436692669127	-13.417622628562935	-15.38318826952957	1.3213739870673273	-8.21107222632931	-26.229548889588	11.325923897638917	11.366951142240833	-5.008110188972466
2.566177769603966	-11.195244647143628	0.45545832377007445	-5.688729843395146	19.710724309811297	-5.408898433782446	7.008432265518958	-3.378882519699135	-0.10038651602643386	10.1836576833421	-2.611168398414485	-8.207681836683332	39.31138728453497	-16.47832285162756	-15.268680899508865	7.982048409200886	2.1447400350365733	19.427847674750367	-12.366274705574984	20.944199200273943
-11.645419505727482	13.705685730453286	-9.350785440557924	1.9433430755054837	3.2220651306903587	-28.015034435827346	12.921567349956355	-6.70895077780659	17.664080987604567	6.848051719415577	-13.046045453766782	3.9653527609157706	17.818913784010075	31.912052248397632	-5.5343930858675545	-9.106825636930278	11.419228246986348	-6.308863009129578	8.971439862716723	13.224806926615269
-4.2478694019742935	-16.731042042955483	-13.987274324607073	-13.991386139415876	-13.106524408518244	23.401631425166038	-11.814054157806014	3.2654862192848517	26.87328620915299	-7.732803368226995	-17.663937570952395	6.028546542446433	12.380996258042565	-10.200584255820644	6.980263717187432	-11.14288878579705	-9.598428660238898	-5.6049211321516035	15.504851372468167	11.818183639814228
12.262771792999674	23.075947410679344	2.6152108108220733	8.844833309583313	-2.870987814025157	3.2723984422036447	-5.469008834020918	-3.85795110877611	-2.213726359159992	-10.99923619895808	-13.68248763259246	7.8903175270863075	5.376156882191191	-29.406058830149824	20.2795220079133	17.41954800409187	13.02891086147027	-18.421624325430862	-23.137459909834234	-3.211063368687306
-39.38718578555551	-2.685798586795439	3.12148996028678	24.9202148919828	-30.10167824827553	-0.6206793372269602	-10.667944431897835	-5.5097042463341195	30.081979103957185	-5.352074228124227	-7.094328073421342	9.564276218727256	-2.3533223122840514	-7.575252597630344	13.19748419730779	8.978077824953314	0.36879471235196964	5.705421462545809	13.219207032885926	16.250426952170866
-4.627622050734797	-11.54620253632273	3.735727654909387	-5.317680844708972	3.0847087541035987	-10.565749805880035	3.831322209599723	-7.315121833199919	12.469949905487251	-4.313628781356451	-18.923879261715577	-2.765436278792519	-16.55203917937577	9.415974680584805	16.308097113415762	-9.805246407078123	-5.381487329987483	-1.5727570669109125	10.496123369720685	-10.769198210910858
-4.89488783740197	-1.7505895371386562	14.9633924358472	-0.6328637132516666	12.704710214714453	-14.341878142079885	23.130316201863096	-18.681713495876927	-14.237177521700364	-23.89428481907278	7.5392217010427744	3.175980467135335	-2.0340512942635107	5.939995811551874	19.911627219216292	13.448139762223661	-0.6538042602871852	-16.712703249191204	4.965892472794784	0.1583448561091139
7.710563010696913	45.52826607531084	-24.06121022343633	-13.320671374083902	-25.317239852866553	10.652418313089486	-11.92397281580442	16.34848372366716	3.651262719820138	19.407279463171875	0.33052209726824355	-0.6373976137483575	2.8481458231027132	15.581251403736788	-1.9539211881980796	9.815974609515408	0.5654098043899466	0.5655482145431039	2.911020948150333	1.3105477088111475
-22.455138711145544	-22.75497618515527	-1.0444539781777915	36.40303871594071	-6.771357274739463	19.313066838246858	-0.4009313358726318	7.356469735732083	-7.259279647738567	13.151069197036872	-17.532642387006366	-19.480029703613532	-6.291333052428101	11.365248588067296	-18.090796199593164	15.655877873848251	-5.749665044662077	-6.251531454184343	-11.148222162401549	-4.665083176673828
7.205105053794167	-10.082858381471612	5.991579495217358	5.155283598120172	0.4371512739186916	-8.666961869311523	-15.774727346741154	11.990218624079741	14.549178584326945	-10.875993953583997	7.110648445394325	-8.06141586499537	2.186094544009403	-25.392261311958137	-14.51213438931556	-20.378175532180716	6.623350594977501	2.5318185914589066	11.629052859420964	-9.589781337127317
4.081655215255413	4.196532468110869	-2.772423892319173	-24.19236412094461	-22.92137555425608	-16.677752381993344	-25.955227798824335	1.4750594523680538	6.955044127933252	-8.312311933903773	4.524610706800041	-16.29895043337975	8.667363663228445	6.527152266662657	-0.7343976573231538	4.467104204282817	-16.392034161848127	-10.471379799511146	-27.757136167457567	5.2835104350097355
5.524552879539928	-2.009283035634081	1.960039239023262	-16.138837292750136	-13.927367081108587	-6.030626497926376	-9.95645587431244	15.571497081979043	7.737072368114953	-16.525432331475916	14.632699752324969	-18.865481598467692	-3.3622681158725136	-20.542177202242055	-9.223733169229073	33.70608822032907	12.83539294394301	-11.445703501132268	-21.465666328129608	6.661794099168829
10.048741913324527	-16.211551518801727	-18.69197714352528	13.741097509930345	46.07524783365358	-12.998551507858076	-5.163524612386712	-1.3791723838083798	-3.771875457762341	18.869288495214814	3.217492750690791	10.249068387828126	8.961163905200435	-4.159245621557473	6.609817564312425	4.793895261082644	-7.5639465875839464	-16.18179282242545	20.78262282578281	6.5698846496827334
-16.90876128118757	-10.571273815762401	20.61803115359587	27.916653029944822	-15.722756991373563	-3.2736143387807926	-0.5610908083385046	-3.645024329759669	-0.25198022312796	9.081207131196187	-17.045371642541532	20.971605253444967	-1.2705329136362808	-0.4366019406248522	8.067585471533143	-8.729370576327714	4.990471773918531	-2.6491820040627596	13.77300849858337	-18.437073130141773
0.037859755667815916	-5.652382419465108	-19.708520541109298	6.336139898843343	6.84770530740986	2.2442255218824836	11.173249030134336	-7.63194566595912	0.14940086135199293	19.226980935311992	6.4457834429264	-7.620781893607089	20.982591987204746	-7.839173299291103	15.009534130057652	-3.3163035879498235	19.020465763266856	16.475709398291063	11.89767050612837	10.562665989369167
-24.82244824451942	-6.299754501894658	9.505664055586351	-14.771216404807017	-20.91911622874914	-9.86174918361028	10.313026544344034	4.271892142659494	9.965491040543135	3.7989009236981284	-5.289462829626471	28.00681564620362	1.1684482731553345	-8.112959715065273	20.367673562362846	17.37129959283832	12.564849569746775	-13.68500828814097	-3.444837346979203	-10.856509684876265
-2.419929241325319	11.264073810446014	-3.6169012433884453	-5.952360970625286	-19.128474363341645	-19.37879661260895	-7.831811238106242	-15.108831851907782	2.7976177995687226	-4.97878579395668	17.559281467200304	25.691633253696658	-0.6183669713328346	-8.217533971736259	-31.027384999114854	-13.573101207046026	-10.083943426374711	18.31133338889107	4.520153780832983	10.583551600354467
-0.4012483767075344	21.291260117524743	-16.427416331863583	-5.632231844895294	-6.21941777975452	-3.407934932728603	7.42649625861573	-10.726204622992784	6.7144040334409265	18.00595748264345	9.644919361376292	-12.904472867797544	-25.740856684437347	6.241856524596826	-12.778308222518815	6.617568635255454	26.020945662765538	0.8224002749677908	6.978091297383604	-16.38807157112131
9.123577726223601	-4.2845044463844	-3.3161750133207324	0.8133044311515919	-3.8817963043379256	-6.711196586113727	11.005592692320157	-9.713918372289488	-9.437072980432987	-4.170425507525139	8.634660851564744	-12.832450143128508	-10.121402916600335	4.371625682918256	-15.484330198198194	5.866792335366099	2.8174769000073137	-7.676475139717016	27.10267871684389	-1.6796964227249889
-16.00526422921222	9.369234218455038	27.814054037241466	-17.974695604635752	-26.47397708036104	8.586770887578458	14.339055812316865	-4.708811059641105	1.6476188443077948	-11.204546193638903	3.5833044017544013	9.381219602088448	-5.952234188431272	3.160318480588546	-3.105310696804139	-2.7559959164466723	-5.9683568628169885	12.290087573613159	-4.629340725371654	-6.902080162835562
3.661288492025771	-12.075175426959582	1.863837054724431	-11.288161474997766	7.38839889584965	8.804986211049616	9.845392038513125	1.3602873270096358	-5.269396731329375	-13.850358460237052	-1.2426648163473188	-17.11867031647909	-7.131971913241561	-27.80383502482849	30.064802877744818	-30.75978106543918	3.5931295297556063	6.321281070629095	-0.7913306873204036	2.6201094585834044
2.9504152397530294	-3.569745546478386	11.322192659349867	-7.275794570112825	10.28305902918951	-10.734691137373897	-2.9706240847701455	8.524219809416406	-14.362278753568562	-4.38385887728928	14.485665423133522	-2.0999883980532537	2.1218002312871476	3.905228518728487	-2.1223478557835285	0.2564049998626688	-20.98294065501147	-6.116985001304246	-22.695475061605286	10.267711791518932
-0.5664235493825998	-41.36183435332677	-10.323298504781672	29.325141795549754	-22.182205436968367	10.90407176880434	4.5017204619584	-4.37373497709145	-13.944296008790786	-3.402365039685808	24.753665236734292	-14.93754046673615	-8.016456521178519	5.802622706634944	6.902349726624656	10.22042583480513	-11.241470622485352	-9.729832480294649	-0.7191655406324234	-0.5470004667544954
9.038307409105158	28.75325068919131	-13.985736322993926	-12.995836064048643	-9.645959938127865	-0.714950637205607	1.9174877222460678	-10.8154854871027	-4.169239155729005	-3.1962460337984986	-23.200246966034285	10.216388585296173	15.05488571198805	-2.39337691223696	-12.829652645596918	4.681772557922453	1.2109284482879337	-7.438427658430282	-6.425921443935309	-3.562257875139156
15.019255551675307	24.241591139308788	-2.5304708303864203	6.5660921663986205	0.4073353731288399	-8.171869515212993	8.630762943434577	9.707058132312312	-0.12209706868891841	-17.71966943430337	15.009029982473683	22.966413601096722	-0.7889542311104839	-2.236487715616475	-11.836342141096674	19.877650708910362	-2.6019992165841788	14.818582514104925	3.8234463859839116	-2.8286023957259068
-39.409265791085	-3.2574419756199036	-10.415555839539728	-5.00194154668319	-25.939735171313135	42.81332169925827	-4.0272503898458885	11.194278707243708	-18.465645984562652	8.759727941314065	-3.271987591007044	15.616838171348594	19.041678147145024	-2.442877349614897	-12.135663802867507	-0.8918206079294902	13.216664010046053	1.4201239911460393	-9.371179954642116	1.2751003114926112
0.4323307496767551	-4.0738812315676105	1.480647954295453	-22.44739024990925	16.593489918096484	16.311401363603913	5.056405899684146	8.39654583520589	8.205348502065897	7.445725750728534	-11.423482372001246	17.940474083633585	-19.36781333455136	-15.523636101280168	4.923833106597605	14.652358111827784	0.44858763571755433	2.080667137086926	8.508260151179902	15.414943794137983
6.94082817770689	2.041334585094711	63.0194075258583	-19.142282835049127	9.72985362098382	5.6709950354021235	-31.233147865509736	-18.445723289791363	15.155248171706148	42.31458577491499	33.61659360813681	-2.549282200383274	7.875653326792708	2.2098588054566983	-0.33382794354481393	-0.27506301783395953	-4.256513746091128	-18.492134590257542	-1.5095318308600403	-0.021010161554752525
20.862169997658285	-17.729527872594492	9.31066777512829	13.762457041040502	6.930585831299755	11.707701975538956	-30.36499978413234	12.613504908423195	10.701958440716279	-36.485041124020725	-0.04027737523227791	25.3066037770524	-11.488575885630983	12.668248046402258	-14.247806584700893	7.095202273344327	10.977203361393705	8.534315620981623	6.39129945106251	-4.7470255788785485
-13.746481838579877	-11.472593706596175	12.505170954658075	-27.294826635459692	5.171508465090981	1.7010240246636419	11.051359568257162	29.8085883927755	-21.782282189044228	-18.14768015263796	-5.41730050627746	-3.967906991102511	-4.776688702939822	21.264310376573942	8.597182292976777	-23.31788093451598	19.282401411756105	-1.9602835931002358	-12.385664243003093	16.45806929450783
4.926227892327776	7.97985650589464	9.650978744815614	-3.6597673576425103	1.402505816191267	-2.5087023028753754	4.201903482198261	-8.935221082616131	20.41934977141044	-1.1296406837093027	-10.53607814193694	11.705022106282101	-10.829286171253923	1.6996168611628872	-11.704709323813617	-12.38626694237462	5.390101496403706	4.931039319896081	-26.177067854144443	10.728100640600152
-5.9026696506166445	32.098921490380896	-6.99089079770097	8.521543888845976	-5.724806206690185	-3.9284809917042507	-18.938892877282616	-22.069086078804016	-25.868909173655048	-16.647965533441756	1.5923779562302804	-2.573110279351653	-5.825714745260359	-8.343324177384263	-0.3370330808901716	-1.5990996148132859	3.256447175751792	-4.487150034963204	1.430290514650225	-3.144312309600826
5.723857825905639	34.853844613537895	6.4560645092326645	-27.9257662998205	-34.87900498706011	16.147161749158755	4.790250296481993	1.6626868034199025	2.4443566769974425	8.67361551273712	0.31116679922029744	-15.794785843556207	-16.24780112279463	-5.0936799285931444	0.8345741947179707	-0.7327682457760095	-8.460272820293437	12.541071028226552	4.142088424151779	-19.112326897576875
58.75088089214775	-14.053902353970331	-14.343597865215434	-25.621359832385714	2.7710015894674767	33.833846359178615	-12.885329537354204	1.2227187790157437	20.47427115050149	-18.388590197149373	-9.765974051470334	0.14178138825819359	15.36925499181795	-1.26512254135221	-9.610578290247506	7.981250523405687	2.8283975628467766	1.3478710654196344	6.102683601816123	1.108176019344945
-22.96868559239251	-10.863879167118096	-4.382877328280885	-21.225614114762287	-0.15281670213448667	2.9681413170737923	1.4585864443306324	1.1117665047148282	3.978178990121308	-0.704482928196832	-6.043678766863959	2.4526371498168427	17.17086562733024	9.041291177415076	-8.475983572405836	-1.8151130753581524	-18.015844650990815	-15.988985911164145	3.407602703430083	0.4275061327712047
0.9335500362918548	0.708285639896394	-5.461358618233656	-16.602460046296915	12.89737879886013	3.523828220235294	4.2678162353895885	-5.889444987718146	1.4120362957813328	10.873067390375349	-3.991134863082895	-3.137112489360653	-10.51130369380966	-20.025212666745585	-23.203126738783563	12.166194986911234	22.710375429069856	-16.839523026516662	12.617965621184252	21.898421208803235
6.818791683903642	-10.533072257794872	-15.223950569944233	-8.239651411623939	9.865207565814691	8.422455807015611	-2.5118866288850565	-3.703708548519789	-13.478634077089694	5.185285238462366	12.718148338905799	-12.609069559297323	-0.37440571743651013	0.5675675977487857	-3.225420080396436	14.589443743429438	17.02153081458553	12.079316869505146	-7.4173301460946774	15.08208227414983
13.455766162404704	17.934706465445206	24.885153162688383	-24.97356599025832	9.35770884890032	3.4562955214284297	2.1757404540251257	-14.245226566137612	-8.36444166511186	-7.228150937778859	-5.240993899891156	-8.95310008616578	-12.618306309679086	16.92050677074256	-6.666695050708939	6.040319331726479	-12.970252467223213	-26.128581708158446	1.127663223186127	0.5505249292305178
-32.05978590993946	-14.65280980390803	-14.788860231251588	10.871581290343618	3.087075084564871	5.090530635342659	-5.459646690894131	20.449830954844604	4.663505266163846	2.439600809347506	24.988206682837717	-26.294705552898847	-12.756053694425773	12.508099341941014	-4.890032750820391	-1.0470325965161176	-7.583451129897715	-10.971348902178692	11.995243205942291	-1.2456033405057623
0.8968011589113998	22.219528744266654	-22.434377852830284	-10.213978105885955	-1.3459389691199894	25.94115347672429	-2.229283202402938	5.369641179312867	23.948593780409013	7.826576459885227	7.2022842141242265	0.8025455333475248	-2.236072140215244	16.88730634199364	2.877669342051478	4.566614152377485	16.327027983473407	9.207875598222548	-2.7291305136637396	10.07425143569169
13.850033241191301	34.660888307985914	-20.93784166877606	17.561761554336428	-1.2920621022523684	12.755982943398964	-11.478574049984369	-10.667349056355517	-4.792643532302779	5.482773286261256	-13.12608852258308	-17.596951712513565	14.305935232537987	7.365421419544673	9.79620744179928	-16.034993267304685	8.358972969750015	-6.871505800420125	4.270441359234674	5.289933375252489
1.5040026161510762	-24.407982310341577	-14.073036545977619	4.0458706405832645	18.08083043252956	-10.945420890682403	-35.37251059784223	-13.355102765803554	17.51217582981907	0.457332603816127	-21.020797981154583	-25.69036103370573	10.539473787102972	14.052763438222811	-19.66735953183478	6.876538772764581	-9.87002526645708	-0.06292388360270994	8.298889637665393	-14.184558172150881
-0.8379028059851853	-14.247092115261278	24.79448418679501	19.52626200838945	-1.892037658953302	31.52008093337635	-17.659416502864758	-7.846498915973302	-12.578517078848288	-17.552805173399076	-2.658774855767765	-0.6655005804092812	4.742130248433823	2.1742591745139204	6.665694517683638	-12.766534736125166	15.495587484522552	2.693954480247277	-2.1589609825612075	8.58836341417745
9.086985764613553	39.70117423171154	23.28971738829016	21.686813560449966	-7.977242361714993	-28.624822005893744	14.0255570584346	29.511096625234618	-15.27426091507626	4.212547563834856	-0.8536268082151569	-6.065587948671431	-0.1384274626763441	-4.888133557502758	2.109102331661517	-6.392769051911718	7.99921441309526	-4.114778700218284	-6.328097924927074	6.134666941102152
-37.47748848203947	-27.72688586488472	46.629300135727725	1.1486747836241287	21.687716036536308	31.186857548980086	3.186037369052828	12.764183618390174	-6.464109588212294	2.0322365118432213	8.146657201522153	18.388046002821728	-7.335935971702956	-1.0798302405934763	-3.497946388526914	-5.864885089673252	9.266447778719735	6.537700205110041	-0.8099154141513849	5.404824727669222
49.88742807898768	-14.620897277030009	12.578841520373807	-28.470076435220115	-4.793557961542954	29.96407044174517	9.474548904286847	20.510940374213405	-7.946274623907709	12.53637097840686	-9.678840268319565	-3.1211131839107344	-2.335742537120829	23.38815711330479	9.324574271741984	4.248302124741536	1.758056420478733	-3.0001742087303356	-11.173990644233571	-10.817308879044674
-2.186264527959203	-9.504425605956943	4.732216351518202	2.99369034235796	-3.082899579447607	8.531432402784725	-6.574264802017487	16.597962951808245	10.899722652098692	-0.2726243527983329	-30.267763315911342	3.02086936428335	15.0976266806175	-11.892883860112848	0.1318927726382529	-23.314268654724586	5.918065508033009	9.853066552732574	-5.7674340955830345	-22.98890940054263
3.8516563962977117	-24.635976861402952	3.506042414784149	-18.277224971497517	-4.110411422408215	-24.060859761564764	-6.5200218966671075	18.907737669836628	-5.700988397951181	15.691233632788572	-13.033815238592867	-13.992077313690395	-7.050467794812981	-8.355356174772867	-7.585799722949015	7.742351697241964	-9.09275746177025	5.253034525592957	-9.606321253019955	-25.932218983459336
-25.711674881562054	-8.402919590928528	23.0014169023108	41.49513403978925	-22.04131888036594	-0.2597841362110507	10.987602366389973	-4.899367991782198	-1.4555078447949144	12.656050420814408	-7.120830337386794	-6.381457087348724	-3.7530890554806873	-5.469749815906894	-14.077635978835335	15.995885982985978	2.0025691385076954	-2.4682954344346473	-5.721459449631459	11.138745167615344
-9.722668905551323	-1.4964034635460282	-10.762042377759101	-11.713386626797167	3.3918188408826824	0.4688939288394264	-3.166439216819563	-14.797431389417643	2.6534751262513794	-23.51307793553886	31.818837843998146	7.261139473263536	-25.308841509820958	-6.739667478938648	5.676165813305686	4.275581200980076	8.68745571013851	0.8415014173539545	15.80777665868103	2.1627651772983665
-3.942847875585612	-0.27360594021334966	-7.587052515089839	11.590250698754291	2.322372080402788	-18.226787305173563	12.114366773837832	0.6505493550420447	0.29464444373680404	-18.02768047294654	0.8244783335760453	-18.408601894391747	-13.3307715312036	-10.89074071969903	10.346116641251031	-9.022673450144211	1.895980781989497	-21.22913003217018	-8.070900567474629	-7.730927624796867
1.9650277284303275	-7.859818867510338	-6.075943852453026	-6.0515674462634115	0.1780483535133999	-11.359352989029437	-12.343636136681331	-6.80873519017113	9.329870779669035	4.83799740497272	-1.5383420948012927	-21.95658288881109	27.100967854009507	15.921800391738476	13.780803955554035	-19.925709658002294	24.990172477827105	11.418070346986857	7.202667190234594	-12.38838561409232
30.105539242608387	2.551670873768619	-13.484079434617104	23.63842709522158	15.310513449110394	-10.33122258494794	-5.7461721441704885	-13.58708452126549	33.77998561455939	11.124647749805115	-7.1196020362803685	12.11946939229748	-22.088781003397173	-9.03709315129933	31.39064294352583	1.4622094503702951	-9.91275218551338	-1.5801232425092957	-25.832739007872977	8.965686530807144
-32.789880967337226	-2.746311768591442	51.27789658796659	44.7126870706715	-0.9750638544924738	8.625295914133813	12.008575168720515	-3.2011753465312776	-7.631982652443011	6.836745267679913	-9.85961787285574	0.19590481785414182	-4.352428283922163	-16.729627098881142	-11.439777208534156	-0.49918572857780286	13.501834257039691	8.139939187238816	-5.543299191290175	-1.3336566455957013
1.558091661888877	-5.587487474622381	2.472117571134191	-9.32258757724667	-4.62589947030664	5.363678934660395	17.220127676861505	-7.858564340106207	-6.80894501161504	20.169156209878892	-1.782835046459527	-3.1144794124285267	-6.128353668493953	16.64370082146945	20.447867371608517	13.246127402042013	-1.6886377509249513	18.18997013476602	34.07136017268877	-2.906987794489322
6.107953602357694	-3.3080019171747237	8.192794999935353	1.4015873720840297	1.8349991480114218	-9.980113632765615	-6.941236747286266	-16.79945958342937	-5.886511531811968	-17.645454905248094	-1.0148220163182713	-5.231683219482193	9.96011671883528	-3.2473207151252694	15.46668010297949	15.951844509891838	20.18523417175997	-6.437648765380163	-0.6747848837892422	17.7615664522723
9.911401354054924	46.96310325203218	-29.6886802415585	17.965319472753702	10.138803638833686	15.03903815806349	5.25998045304094	13.41658382830365	-1.807978671835662	4.976775731726838	14.343610638714258	4.1311783788718905	-1.2318148988233253	13.038512463018831	2.6477618715741102	-0.36231465830173837	-14.813005789730692	1.3668547439886756	-0.36501449702969613	-6.072056829152173
-6.907620912901023	13.739132038481976	5.839158493871992	-0.2347074625383185	29.574169229022633	10.901533200829752	33.77785092822427	-1.480299024878858	17.24224950563425	-8.660127413115308	18.43237905637029	-14.705918996527899	16.323950356615757	-4.2612730581261715	0.16198924646600202	9.108760450143386	-4.513944784111431	-10.457889857079191	-13.03104439612208	-4.907838836888877
-19.072527845684245	-7.819356343203576	-43.426996751410215	31.322925129959817	-15.365227488919892	3.838416946308415	-10.061972256465967	-9.535960831355554	-1.3186936300028227	7.015918928843036	-2.414312054820523	1.4582227271356552	2.1662135908850293	0.44032839449067757	-12.746209827023225	15.405974549669276	-12.355926244485868	-8.348136868395367	3.2336610538693877	3.473992051857844
1.778481241339309	-1.710982555928007	-16.69554117667572	-13.282214378726021	2.8551840559142185	17.13809630512884	5.096193701340631	17.711830270376947	-22.081232336305643	0.8336475354803374	1.2294585846865356	-0.5633978152963922	-0.8077859445085063	-19.379250286660596	3.1680504177706994	4.202160029125338	-30.11074193247967	-0.26643575434329236	20.944654020794285	0.8868096839075821
-10.391374742000568	10.017440317489894	10.974392682256553	-1.6496973265518398	2.754712220714937	-11.196310115392743	10.761347437003257	22.408092733144287	-12.154123962191631	2.446899947230247	-1.583132773009127	0.7960722046611625	16.40466056964608	-3.1142562334193116	6.324902305662822	3.270766600264112	4.657199333350202	5.26816778592481	9.4120955454855	-8.142197058930826
20.177454834593743	20.558199000872225	7.011891041275526	15.854903753014705	-1.985826872288343	-15.760032140014163	-5.404373442139778	-13.89113933909037	12.236432129967906	-12.09978196932823	2.0432492378714864	-1.2655622055446658	2.3218818315674854	-12.652239594216066	-16.4828151866827	-18.913900356937432	-18.862114072548675	-14.260110808425832	8.814085556716098	11.868845233475996
4.286600252449505	0.37515594406671804	-12.26541822515529	4.721437841911362	1.9676570335406378	-19.065467717287913	-16.492183286246114	16.582477332616158	-16.65665362401423	16.533575396918653	15.53739493115238	3.8153560226555294	-7.904213849731966	0.27580554220812364	-2.83299853911642	6.259411716434537	8.737157907408875	12.693581920898747	-12.831224047503143	-9.148329337283508
-75.54211315846322	60.8761546642543	6.477816859305595	12.10363775548983	13.624397440738127	3.4303117794422855	-12.333961722593864	4.507838958088802	8.19828767866257	-3.9352149717019884	-3.4672012542262687	-4.773420768902915	1.337753804098232	-5.937802525943359	5.122136196392427	-5.2698610263042465	-6.143002846423623	1.831244406547824	-2.6616744852621403	-0.9969960977531177
-73.94446234119907	62.6897754016302	5.378364599322175	3.0600648284900944	15.335169293749642	6.727654065283939	-12.97086419064661	3.512628945325843	3.8135265949659076	-1.2222019947725984	-6.916411671823447	-2.474180515209346	5.745448304046078	-7.120989542504898	3.8049183833873026	-3.3804044996737836	-4.735433615827298	-0.994208715710122	-0.9813993771473122	-2.966828180673473
10.050602474715477	-5.14469195326162	12.068744421218323	-6.180007082973293	5.357844521049152	0.5784165693149165	5.0067009865086325	-0.884579499957761	-9.157882005251446	4.868679786485309	-12.479174795080073	0.927137655573755	11.724377806331912	2.439579204864228	14.563434856635697	-26.624335100905284	-19.35051542931066	44.10058196037765	-6.433621391403343	11.252225560204066
3.829583892791464	-8.805149561468884	-30.746728888237165	-18.00827165677213	-0.6139011885308983	0.21355796918168887	8.256700859144082	-17.782559851247278	-14.384974885621363	38.68667169497588	-13.263651163862693	13.653050501744843	-34.80407065530992	-6.767216431318167	-3.517320992146324	-13.88794316825796	0.43256786683041526	-5.366395295883195	-4.385525928166883	13.72132084458261
1.826698961982339	2.1454506005078104	-6.27788474662203	-7.76249689128446	0.7960862352436567	7.882953440375929	20.88974007011822	-25.504097019271068	-0.06738253612551529	-1.4241303863033692	-11.668571121302545	4.707621052350205	-12.335651693038603	-7.541260652493798	-6.811408937449935	7.54914840951975	0.15970499548846795	-3.478520138106498	7.8878638454177255	-8.60313081118458
3.4344251463582802	2.025785716286235	8.813288346374144	11.149483429918206	2.6551769215290206	1.290269523240213	7.33805081069088	-15.42865949982324	-14.925385717444135	-2.8486702135121282	-15.585626093911237	12.482041189519872	-7.962003033422052	37.56357190457457	-5.913170704804094	21.767777187686974	-22.221853077169936	29.123640831763836	5.040990510568119	21.511419676007502
-21.895038900636838	-1.7613569896731844	-1.27880558102777	-8.109160044286382	-4.284552675067165	-5.655021784127415	-15.020540670844685	-23.657931056140836	-2.2202093626973216	-3.844053950284671	13.218919009242283	16.550095398825363	14.086156216358258	-19.761841379415298	18.073526893736158	23.668386373412396	-9.986455847064823	16.671952075552582	-8.326828769801237	-11.88371409373066
2.7449554375419574	-18.666173897581544	-30.030706978092326	-9.285126857843519	-17.237222962318725	-5.115079909738524	-16.59507763458698	-18.245242410011763	-22.103992822149962	18.144146974472175	-11.462396380117484	18.072959499481357	6.3272550471663775	2.051708242293166	12.8280138909814	-15.923578628867423	19.054814692123866	-7.8610314673273205	-2.3868609173760795	8.77468357143257
5.658273725663887	-6.683926773704081	2.0897168639158186	1.3658509482327756	18.958456615830716	-0.39565571251529175	-1.8660550945642578	33.97128463489626	2.1641449201909846	16.104930382713086	1.1780591107413503	-2.1479537364893178	8.019983690184562	13.699077432048696	19.859004070486705	-3.467428259025701	-10.802489646273132	-17.38912991139115	9.075378788774056	2.7107242101530185
-12.615257378078299	-4.568244980756724	-2.9000812636653257	-2.5888796738530226	-19.205651157342714	-7.560359462194676	38.24600185758454	-3.7413117673528347	17.47164210938847	-8.413975279785612	0.7716091061138108	-13.843672881556008	25.50937166287278	-1.3465918518690174	-5.685150622952498	-19.70677106013026	3.0346119419654918	11.561849959296538	-6.437263086500311	13.584675114975553
18.300189812732718	-20.81600461941887	15.824015373148345	20.73713499311087	-33.27104647229061	-31.586241227154083	-17.462167255939956	33.242375636759796	28.542606359959894	19.00831397213263	-8.828613608905945	4.5209683956220985	-3.23380791927553	-0.2852466026836279	10.00235383581983	11.335550500484535	-3.1393600422421746	8.315653093138431	10.76367163249301	0.032533733058685725
0.057529328640160755	16.324837745017767	-0.9658586700707429	-22.52700900099919	-19.932205259247684	15.865220959264283	-17.65417076158228	-2.337302305256119	7.856855935390047	-1.247282242888807	-5.514911079668975	-5.712750164131809	13.607977198776299	18.486163622792454	21.98669927406496	24.22847089729566	2.069197093508484	0.02811611649567627	-10.332214966758706	0.8726358741851342
